{
    "array_completo": [
        0.1198653673336828,
        0.33761517140362796,
        0.9429097039125192,
        0.32320293202075523,
        0.5187906217433661,
        0.7030189588951778,
        0.363629602379294,
        0.9717820827209607,
        0.9624472949421112,
        0.25178229582536416
    ],
    "mayores_a_0.5": [
        0.9429097039125192,
        0.5187906217433661,
        0.7030189588951778,
        0.9717820827209607,
        0.9624472949421112
    ]
}